sequence,half_life_seconds,is_mod,modifications
GXE,5400.0,True,"H, OH"
XXITNCPXG-NH2,6120.0,True,"deamino, NH2"
HSDAVFTDNYTRLRKQMAVKKYLNSILN,102.0,True,"H, OH"
GGLU-CG,600.0,True,"H, OH"
XHP,7140.0,True,"1-methyl-2,6-dioxohexahydropyrimidyl, NH2"
XXXWKXF,43200.0,True,"cycle, cycle"
HAEGTFTSDVSSYLEGQAAK(EX)EFIAWLVRGRG,46800.0,True,"H, OH"
AC-XXXSYXLXPA-NH2,58320.0,True,"acetyl, NH2"
H-XEGTFTSDVSSYLEGQAAK-(XXEX)-EFIAWLVRGRG,604800.0,True,"H, OH"
AC-KVERFDXXYXEYPXKXGX,619200.0,True,"acetyl, OH"
XAXAX,64800.0,True,"N-acetylmuramoyl, dipalmitoyl phosphatidyl ethanolamine"
SPKMVQGSGCFGRKMDRISSSSGLGCKVLRRH,1080.0,True,"H, OH"
AC-SDAAVDTSSEITTKDLKEKKEVVEEAEN,7200.0,True,"acetyl, OH"
DXMGWMDF-NH2,120.0,True,"H, NH2"
SLRRSSCFGGRMDRIGAQSGLGCNSFRY,120.0,True,"H, OH"
HGEGTFTSDLSKQMEEEAVRLFIEWLKNGGPSSGAPPPS-NH2,8640.0,True,"H, NH2"
XXGDWPC-NH2,9000.0,True,"deamino, NH2"
AC-XDHFRWK,9720.0,True,"acetyl, OH"
HSDGTFTSELSRLRDSARLQRLLQGLV-NH2,1620.0,True,"H, NH2"
XHWSYXLRPG-NH2,10800.0,True,"pyroglutamyl, NH2"
HGEGTFTSDLSKQMEEEAVRLFIEWLKNGGPSSGAPPSKKKKKK-NH2,10800.0,True,"H, NH2"
VCXVXX,10800.0,True,"cycle, cycle"
AC-SYSXEHFRWGKPV-NH2,1800.0,True,"acetyl, NH2"
HSQGTFTSDYSKYLDXARAEEFVKWLEST,1800.0,True,"H, OH"
VPXXTXTXXPV,129600.0,True,"2-amino-4,6-dimethyl-3-oxo-3H-phenoxazine-1,9-dicarbonyl , cycle"
XWX,14759.999999999998,True,"H, N-1-(formylamino)-2-(1H-indol-3-yl)ethyl]-acetate"
C(1)KGKGAKC(2)SRLMYDC(3)C(1)TGSC(2)RSGKC(3)-NH2,16560.0,True,"H, NH2"
XXIQNCPLG-NH2,2400.0,True,"butyril , NH2"
HSDGTFTSELSRLREGARLQRLLQGLV-NH2,2700.0,True,"H, NH2"
XKP,168120.0,True,"4-phenylbutanoyl, OH"
KCNTATCATQRLANFLVHSSNNFGPILPPTNVGSNTY-NH2,2880.0,True,"H, NH2"
XXT-XX(1)XLLXXT(1),18000.0,True,"5-methyl-heptanoyl, cycle"
GGGCYFQNCPKG-NH2,3000.0,True,"H, NH2"
XXGGG,21672.0,True,"benzoyl-deamino-Cys, OH"
XXXX,21780.0,True,"trifluoroacetyl, (R)-2-methyl-3-((R)-2-oxopyrrolidin-3-yl)propanenitrile"
AC-XXXSYXLRPA-NH2,226080.0,True,"acetyl, NH2"
XFCYWKTCX,4080.0,True,"DOTA, 2-aminobutane-1,3-diol"
X-GXX,28440.0,True,"1-(5-(2-methylpyrimidin-5-yl)-1H-indazol-3-yl)ethan-1-one, 6-bromopyridin-2-amine"
