sequence,half_life_seconds,is_mod,modifications
XXGDWPC-NH2,9000.0,True,"deamino, NH2"
HSDGTFTSELSRLREGARLQRLLQGLV-NH2,2700.0,True,"H, NH2"
AC-SDAAVDTSSEITTKDLKEKKEVVEEAEN,7200.0,True,"acetyl, OH"
SPKMVQGSGCFGRKMDRISSSSGLGCKVLRRH,1080.0,True,"H, OH"
HAEGTFTSDVSSYLEGQAAK(EX)EFIAWLVRGRG,46800.0,True,"H, OH"
KCNTATCATQRLANFLVHSSNNFGPILPPTNVGSNTY-NH2,2880.0,True,"H, NH2"
HGEGTFTSDLSKQMEEEAVRLFIEWLKNGGPSSGAPPPS-NH2,8640.0,True,"H, NH2"
GGGCYFQNCPKG-NH2,3000.0,True,"H, NH2"
XKP,168120.0,True,"4-phenylbutanoyl, OH"
XHWSYXLRPG-NH2,10800.0,True,"pyroglutamyl, NH2"
SLRRSSCFGGRMDRIGAQSGLGCNSFRY,120.0,True,"H, OH"
AC-XXXSYXLRPA-NH2,226080.0,True,"acetyl, NH2"
AC-XXXSYXLXPA-NH2,58320.0,True,"acetyl, NH2"
XXITNCPXG-NH2,6120.0,True,"deamino, NH2"
XHP,7140.0,True,"1-methyl-2,6-dioxohexahydropyrimidyl, NH2"
HSDAVFTDNYTRLRKQMAVKKYLNSILN,102.0,True,"H, OH"
XXIQNCPLG-NH2,2400.0,True,"butyril , NH2"
C(1)KGKGAKC(2)SRLMYDC(3)C(1)TGSC(2)RSGKC(3)-NH2,16560.0,True,"H, NH2"
XAXAX,64800.0,True,"N-acetylmuramoyl, dipalmitoyl phosphatidyl ethanolamine"
XXXWKXF,43200.0,True,"cycle, cycle"
HGEGTFTSDLSKQMEEEAVRLFIEWLKNGGPSSGAPPSKKKKKK-NH2,10800.0,True,"H, NH2"
AC-SYSXEHFRWGKPV-NH2,1800.0,True,"acetyl, NH2"
DXMGWMDF-NH2,120.0,True,"H, NH2"
H-XEGTFTSDVSSYLEGQAAK-(XXEX)-EFIAWLVRGRG,604800.0,True,"H, OH"
AC-XDHFRWK,9720.0,True,"acetyl, OH"
GGLU-CG,600.0,True,"H, OH"
XXT-XX(1)XLLXXT(1),18000.0,True,"5-methyl-heptanoyl, cycle"
XXXXVXAAXXX,68400.0,True,"cycle, cycle"
VPXXTXTXXPV,129600.0,True,"2-amino-4,6-dimethyl-3-oxo-3H-phenoxazine-1,9-dicarbonyl , cycle"
VCXVXX,10800.0,True,"cycle, cycle"
HSDGTFTSELSRLRDSARLQRLLQGLV-NH2,1620.0,True,"H, NH2"
XWX,14759.999999999998,True,"H, N-1-(formylamino)-2-(1H-indol-3-yl)ethyl]-acetate"
XFCYWKTCT,4080.0,True,"DOTA, OH"
XXGGG,21672.0,True,"benzoyl-deamino-Cys, OH"
XFCYWKTCX,4080.0,True,"DOTA, 2-aminobutane-1,3-diol"
HSQGTFTSDYSKYLDXARAEEFVKWLEST,1800.0,True,"H, OH"
GXE,5400.0,True,"H, OH"
XXXX,21780.0,True,"trifluoroacetyl, (R)-2-methyl-3-((R)-2-oxopyrrolidin-3-yl)propanenitrile"
AC-KVERFDXXYXEYPXKXGX,619200.0,True,"acetyl, OH"
X-GXX,28440.0,True,"1-(5-(2-methylpyrimidin-5-yl)-1H-indazol-3-yl)ethan-1-one, 6-bromopyridin-2-amine"
